id,name,email
user001,John Smith,john.smith@example.com
user002,Emily Carter,emily.carter@example.com
user003,Michael Davis,michael.davis@example.com
user004,Olivia Taylor,olivia.taylor@example.com
user005,Daniel Evans,daniel.evans@example.com
user006,Liam Johnson,liam.johnson@example.com
user007,Emma Thomas,emma.thomas@example.com
user008,Ethan Lewis,ethan.lewis@example.com
user009,Ava Hall,ava.hall@example.com
user010,Noah Walker,noah.walker@example.com
user011,Isabella Wright,isabella.wright@example.com
user012,Mason King,mason.king@example.com
user013,Sophia Scott,sophia.scott@example.com
user014,Logan Green,logan.green@example.com
user015,Mia Adams,mia.adams@example.com
user016,Lucas Baker,lucas.baker@example.com
user017,Charlotte Nelson,charlotte.nelson@example.com
user018,Benjamin Hill,benjamin.hill@example.com
user019,Amelia Morris,amelia.morris@example.com
user020,Elijah Moore,elijah.moore@example.com
user021,Harper Allen,harper.allen@example.com
user022,James Mitchell,james.mitchell@example.com
user023,Evelyn Perez,evelyn.perez@example.com
user024,William Rivera,william.rivera@example.com
user025,Luna Hughes,luna.hughes@example.com
user026,Alexander Rogers,alexander.rogers@example.com
user027,Aria Stewart,aria.stewart@example.com
user028,Henry Cox,henry.cox@example.com
user029,Scarlett Ward,scarlett.ward@example.com
user030,Jack Gray,jack.gray@example.com
user031,Grace Diaz,grace.diaz@example.com
user032,Matthew Hayes,matthew.hayes@example.com
user033,Nora Foster,nora.foster@example.com
user034,Jacob Powell,jacob.powell@example.com
user035,Zoey Jenkins,zoey.jenkins@example.com
user036,Leo Perry,leo.perry@example.com
user037,Ella Patterson,ella.patterson@example.com
user038,Aiden Simmons,aiden.simmons@example.com
user039,Chloe Bell,chloe.bell@example.com
user040,Samuel Ross,samuel.ross@example.com
user041,Victoria Butler,victoria.butler@example.com
user042,David Sanders,david.sanders@example.com
user043,Aubrey Price,aubrey.price@example.com
user044,Owen Brooks,owen.brooks@example.com
user045,Riley Barnes,riley.barnes@example.com
user046,Carter Jenkins,carter.jenkins@example.com
user047,Penelope Reed,penelope.reed@example.com
user048,Nathan Coleman,nathan.coleman@example.com
user049,Layla Howard,layla.howard@example.com
user050,Dylan Richardson,dylan.richardson@example.com
user051,Eleanor Ward,eleanor.ward@example.com
user052,Caleb Torres,caleb.torres@example.com
user053,Hannah Peterson,hannah.peterson@example.com
user054,Isaac Bailey,isaac.bailey@example.com
user055,Lillian Ramirez,lillian.ramirez@example.com
user056,Julian Cooper,julian.cooper@example.com
user057,Zoe Rogers,zoe.rogers@example.com
user058,Gabriel Murphy,gabriel.murphy@example.com
user059,Natalie Rivera,natalie.rivera@example.com
user060,Anthony Wood,anthony.wood@example.com
